"dir_parent","dir_file","dir_id","dir_url"
"ab","active-cases-by-region","1IdoOr_ncaujctgkD4bmqLfl5QalTBcIF","https://drive.google.com/drive/folders/1IdoOr_ncaujctgkD4bmqLfl5QalTBcIF"
"ab","cases","1iovWxEIDHPfS1foRZCPgugxXTBeoMjsc","https://drive.google.com/drive/folders/1iovWxEIDHPfS1foRZCPgugxXTBeoMjsc"
"ab","edmonton-cases-by-area","1kSMAgRDBJLco_bmgPP3rde-hgqT7NUiw","https://drive.google.com/drive/folders/1kSMAgRDBJLco_bmgPP3rde-hgqT7NUiw"
"ab","school-status-by-region","1x1VYSe39dymoyLWy0ZhwR01cbk0pzL2y","https://drive.google.com/drive/folders/1x1VYSe39dymoyLWy0ZhwR01cbk0pzL2y"
"bc","case-data","1rvsPQenCXuSuS5kTB-sZPqLb6eokU9b1","https://drive.google.com/drive/folders/1rvsPQenCXuSuS5kTB-sZPqLb6eokU9b1"
"bc","laboratory-data","1SBe3JAmy6D3ed0zTAdn2v9EyN3DRsV-i","https://drive.google.com/drive/folders/1SBe3JAmy6D3ed0zTAdn2v9EyN3DRsV-i"
"bc","public-exposures-cruises-bus-train-work-public","1HPu-kki3GUdX5uLDqjJL_RvnKExJv5Un","https://drive.google.com/drive/folders/1HPu-kki3GUdX5uLDqjJL_RvnKExJv5Un"
"bc","public-exposures-flights","1LoIXBzFN6GtiOpz4SFmxWuvhfsx1vPSE","https://drive.google.com/drive/folders/1LoIXBzFN6GtiOpz4SFmxWuvhfsx1vPSE"
"bc","public-exposures-webpage","1n-KrxIOXGH8drUf0Hb_-xfGUUdcvPy_U","https://drive.google.com/drive/folders/1n-KrxIOXGH8drUf0Hb_-xfGUUdcvPy_U"
"bc","regional-case-summary","12fgD4L4AfAaIx2u7eLnauX_z_IO2wFsU","https://drive.google.com/drive/folders/12fgD4L4AfAaIx2u7eLnauX_z_IO2wFsU"
"bc","regional-exposure-events-fraser-webpage","1mvchjctnzICre6bQrkYYSiXSt17Z73q5","https://drive.google.com/drive/folders/1mvchjctnzICre6bQrkYYSiXSt17Z73q5"
"bc","regional-exposure-events-interior-webpage","104BE89ytRvoJD3jYihJazC8G_x7AO74E","https://drive.google.com/drive/folders/104BE89ytRvoJD3jYihJazC8G_x7AO74E"
"bc","regional-exposure-events-island-webpage","1eN7oRKGGl-62zIaZ_yNSp2kguQBt9gpk","https://drive.google.com/drive/folders/1eN7oRKGGl-62zIaZ_yNSp2kguQBt9gpk"
"bc","regional-exposure-events-northern-webpage","1Vzu5ulpEmXGy3I8J4yPaWHIxL3bWV59a","https://drive.google.com/drive/folders/1Vzu5ulpEmXGy3I8J4yPaWHIxL3bWV59a"
"bc","regional-exposure-events-vancouver-coastal-webpage","1F10Fd3yDjFvDObnNFUVhnrLObLeNIK4y","https://drive.google.com/drive/folders/1F10Fd3yDjFvDObnNFUVhnrLObLeNIK4y"
"bc","school-exposures-fraser-webpage","1Y66EqcQJbqOoV-UEgdncJs3MbVMww_QE","https://drive.google.com/drive/folders/1Y66EqcQJbqOoV-UEgdncJs3MbVMww_QE"
"bc","school-exposures-interior-webpage","1fWdzcEDuIt2eplR1My5SFfCe69dd-mrU","https://drive.google.com/drive/folders/1fWdzcEDuIt2eplR1My5SFfCe69dd-mrU"
"bc","school-exposures-island-webpage","1w2AL4-HX_WtFT8r2zbu8aR_RWMujQQds","https://drive.google.com/drive/folders/1eN7oRKGGl-62zIaZ_yNSp2kguQBt9gpk"
"bc","school-exposures-northern-webpage","1GAJ4Fh6Oq5DQPshWEpktzfDcMXq24S2q","https://drive.google.com/drive/folders/1GAJ4Fh6Oq5DQPshWEpktzfDcMXq24S2q"
"bc","school-exposures-vancouver-coastal-webpage","1weMgD-gaaJ4B4m01lKWqBjUD_l42A-LL","https://drive.google.com/drive/folders/1weMgD-gaaJ4B4m01lKWqBjUD_l42A-LL"
"can","cases-and-deaths-by-hr-time-series","1i6s8qCfxgBKH4kWAfe2Om_PT8FKkF6VX","https://drive.google.com/drive/folders/1i6s8qCfxgBKH4kWAfe2Om_PT8FKkF6VX"
"can","cases-by-age-and-sex","1iTnavMq9a88c64arPRdmUN3w8V2UnugH","https://drive.google.com/drive/folders/1iTnavMq9a88c64arPRdmUN3w8V2UnugH"
"can","cases-by-exposure-time-series","1jtwuaKALJ7878Zd_a5TUqvm2JBf0jJTF","https://drive.google.com/drive/folders/1jtwuaKALJ7878Zd_a5TUqvm2JBf0jJTF"
"can","cases-by-probable-exposure-setting","1hCGVda7X8NSJio4Km4sAHVvIKeY1WUbs","https://drive.google.com/drive/folders/1hCGVda7X8NSJio4Km4sAHVvIKeY1WUbs"
"can","cases-by-severity","1SglBBOrkaUX9kgQnKFuGx8zYfWB-f4H2","https://drive.google.com/drive/folders/1SglBBOrkaUX9kgQnKFuGx8zYfWB-f4H2"
"can","covidtrends-fluwatchers","1l9C7WppFIIc-hSxKRLd8i0dAon6YfbAs","https://drive.google.com/drive/folders/1l9C7WppFIIc-hSxKRLd8i0dAon6YfbAs"
"can","covidtrends-mobility","1rywSZlhHQzv7L9r8dIo7_hWgquTG7U45","https://drive.google.com/drive/folders/1rywSZlhHQzv7L9r8dIo7_hWgquTG7U45"
"can","detailed-case-report-n","1-fJIOejwY_5jcTjUgv0sUiXCNqTZCqzO","https://drive.google.com/drive/folders/1-fJIOejwY_5jcTjUgv0sUiXCNqTZCqzO"
"can","detailed-preliminary-case-info-aggregated-4-dimensions","1DAVw9bHgJ6HeIhR9gkDKqWb5mYmJeL6C","https://drive.google.com/drive/folders/1DAVw9bHgJ6HeIhR9gkDKqWb5mYmJeL6C"
"can","detailed-preliminary-case-info-aggregated-6-dimensions","1i_r1VTTylcwFUJU5Z2NxyDj58evLdICt","https://drive.google.com/drive/folders/1i_r1VTTylcwFUJU5Z2NxyDj58evLdICt"
"can","detailed-preliminary-confirmed-case-info-revised","17yNdBoKhWikgRrosSvevZEJ7y75qpCxk","https://drive.google.com/drive/folders/17yNdBoKhWikgRrosSvevZEJ7y75qpCxk"
"can","epidemic-curve-by-age","1cbtuG5fdNRkrDuYa-mCUgrl-xGLf5dVA","https://drive.google.com/drive/folders/1cbtuG5fdNRkrDuYa-mCUgrl-xGLf5dVA"
"can","epidemiology-summary-statements","1ye3nqS3qYNZtKdbNL1zoy8JY32bIVAq5","https://drive.google.com/drive/folders/1ye3nqS3qYNZtKdbNL1zoy8JY32bIVAq5"
"can","epidemiology-update","1XV5MYKoU0_L506TxLLXYcLwqpTlIjLPd","https://drive.google.com/drive/folders/1XV5MYKoU0_L506TxLLXYcLwqpTlIjLPd"
"can","epidemiology-update-2","1mDFGml4mEbHxM-iDDz2eZ2Hudr1r6EdB","https://drive.google.com/drive/folders/1mDFGml4mEbHxM-iDDz2eZ2Hudr1r6EdB"
"can","health-region-uid","1mFXAnK0w8I-_QwdmzZE0ggyVgZWv-Hja","https://drive.google.com/drive/folders/1mFXAnK0w8I-_QwdmzZE0ggyVgZWv-Hja"
"can","hospitalizations-icu-mechanical-ventilation","1ZgeV7BTE_GZ8yTQgG3ema8OAT8vzHq5V","https://drive.google.com/drive/folders/1ZgeV7BTE_GZ8yTQgG3ema8OAT8vzHq5V"
"can","nml-summary","1HrHMnlm8i7Oh4OWAjDkYlIvguPuQDL9U","https://drive.google.com/drive/folders/1HrHMnlm8i7Oh4OWAjDkYlIvguPuQDL9U"
"can","nml-weekly-testing","1NSCMEFZZ6JXPUFnPIb5HWwd4vXzoC8Fu","https://drive.google.com/drive/folders/1NSCMEFZZ6JXPUFnPIb5HWwd4vXzoC8Fu"
"can","preliminary-dataset-on-confirmed-cases","1pxV8Wb1sqdeD-W6BIqUOPABLPvNTJPsX","https://drive.google.com/drive/folders/1pxV8Wb1sqdeD-W6BIqUOPABLPvNTJPsX"
"can","severity-by-age-and-sex","1_tux6ZwhCGtLt8fu8j-dcwd7ZsfYg3Dl","https://drive.google.com/drive/folders/1_tux6ZwhCGtLt8fu8j-dcwd7ZsfYg3Dl"
"can","situational-awareness-dashboard-update-time","1Jf_083skdvYA9JW2-lPZ37l-NvdQ8AQY","https://drive.google.com/drive/folders/1Jf_083skdvYA9JW2-lPZ37l-NvdQ8AQY"
"can","symptoms-summary","1VoX9WJGkJQwCQMeOcTruitYjjIyGaFhZ","https://drive.google.com/drive/folders/1VoX9WJGkJQwCQMeOcTruitYjjIyGaFhZ"
"can","vaccine-rollout-webpage","1c9739f3wZE2EqJw0vwtAIDcTUWcrM1OY","https://drive.google.com/drive/folders/1Z1E3rh96IgCUBRiABOfvt9Vf-cx2T7Kk"
"ccodwg/timeseries_prov","cases_timeseries_prov","1LqdzLPiERYXiyFi6UMQrMIqirODk1TBk","https://drive.google.com/drive/folders/1LqdzLPiERYXiyFi6UMQrMIqirODk1TBk"
"mb","cases-by-status-and-rha","12Iqr-1tz085DB7Bsggm3tC0OKT0pNRSr","https://drive.google.com/drive/folders/12Iqr-1tz085DB7Bsggm3tC0OKT0pNRSr"
"mb","cases-demographics-by-rha","1XE4mZpz8hrqIC3JBExuGJdJYXs6Sg1rk","https://drive.google.com/drive/folders/1XE4mZpz8hrqIC3JBExuGJdJYXs6Sg1rk"
"mb","covid-data-by-rha-and-district","1mTTp74weBKLWXNrgdzfeJmWROP9NH6mM","https://drive.google.com/drive/folders/1mTTp74weBKLWXNrgdzfeJmWROP9NH6mM"
"mb","five-day-test-positivity","1FVZ9gQbSLjOJHGdq_FXjJIZrFsp12lOo","https://drive.google.com/drive/folders/1FVZ9gQbSLjOJHGdq_FXjJIZrFsp12lOo"
"mb","manitoba-webpage","13gGo5pdUJw1_4hVkPzrl3eNzUPjf6-4M","https://drive.google.com/drive/folders/13gGo5pdUJw1_4hVkPzrl3eNzUPjf6-4M"
"mb","winnipeg-active-transportation","1HvDvmC9fkNMPgmr-kQT1Lj6Rg-CHOh75","https://drive.google.com/drive/folders/1HvDvmC9fkNMPgmr-kQT1Lj6Rg-CHOh75"
"mb","winnipeg-by-law-enforcement","1LR1UTIs_r7w_uvC-ScZ8k3WlU-0SIVlc","https://drive.google.com/drive/folders/1LR1UTIs_r7w_uvC-ScZ8k3WlU-0SIVlc"
"ns","case-data","1topV_6XkI2uz-Amwlibi8V_jbnHx4MG5","https://drive.google.com/drive/folders/1topV_6XkI2uz-Amwlibi8V_jbnHx4MG5"
"ns","cases-by-zone","1lcPbkf58IXjx1hmTgOfaRDEQ-vHRjpcz","https://drive.google.com/drive/folders/1lcPbkf58IXjx1hmTgOfaRDEQ-vHRjpcz"
"ns","chn-summary-cases","1fsyLS_dN-VkFDjtxAHxffOeG33pN92S3","https://drive.google.com/drive/folders/1fsyLS_dN-VkFDjtxAHxffOeG33pN92S3"
"ns","demographics-summary","1gS3LN9cclLE3i-3c439Hwq3ibpgISfak","https://drive.google.com/drive/folders/1gS3LN9cclLE3i-3c439Hwq3ibpgISfak"
"ns","health-boundaries","1Hb9zYPpkbblHpABKdOLnvjMj7LZhywrF","https://drive.google.com/drive/folders/1Hb9zYPpkbblHpABKdOLnvjMj7LZhywrF"
"ns","immunizations","1OHIZDhIRzEjqnsqJNbU4yjXkjptLphan","https://drive.google.com/drive/folders/1OHIZDhIRzEjqnsqJNbU4yjXkjptLphan"
"ns","lab-testing","1-So7itIA8sLbcs-8bTKUgkM6SiTeGodm","https://drive.google.com/drive/folders/1-So7itIA8sLbcs-8bTKUgkM6SiTeGodm"
"ns","lab-testing-hos-icu-summary","1R7X8e_MOgY33l7FGzy5ezGk9EMIdrRB9","https://drive.google.com/drive/folders/1R7X8e_MOgY33l7FGzy5ezGk9EMIdrRB9"
"ns","serious-outcomes","1hgspEEG8vBQIIg6-R0S7Vd6TISXqMza0","https://drive.google.com/drive/folders/1hgspEEG8vBQIIg6-R0S7Vd6TISXqMza0"
"ns","zone-summary","1y6uhTk3LrK9wlgPlOlG40UWADYfIiY6d","https://drive.google.com/drive/folders/1y6uhTk3LrK9wlgPlOlG40UWADYfIiY6d"
"ns","zone-summary-cases","1EevtFYqWQJ-h5Zt2oJgr7_PM_Gn7XwAd","https://drive.google.com/drive/folders/1EevtFYqWQJ-h5Zt2oJgr7_PM_Gn7XwAd"
"nt","nwt-webpage","1K_lZ20FsBr3uc8z7VhbdP22xaD-_SFaV","https://drive.google.com/drive/folders/1K_lZ20FsBr3uc8z7VhbdP22xaD-_SFaV"
"nu","nunavut-webpage","1bQ9qKAGjWXupRKdQcIOxyZf4lKZW5Obe","https://drive.google.com/drive/folders/1bQ9qKAGjWXupRKdQcIOxyZf4lKZW5Obe"
"on","cases-schools-and-child-care-centres-webpage","1ammQkFJl9xeoOKkVNtGDGwu4z5WFImZW","https://drive.google.com/drive/folders/1ammQkFJl9xeoOKkVNtGDGwu4z5WFImZW"
"on","confirmed-positive-cases","16IDLOq9Q50Co4SEGAnu6ajzkKh8Xitgd","https://drive.google.com/drive/folders/16IDLOq9Q50Co4SEGAnu6ajzkKh8Xitgd"
"on","correctional-institutions-inmates-testing","1EH-C9nVEJTGpayGVLM908UA5Z5YHWf6t","https://drive.google.com/drive/folders/1EH-C9nVEJTGpayGVLM908UA5Z5YHWf6t"
"on","correctional-institutions-status","1XaPpPqJSKqA6G9IyJiPcP7vxh5Kd7sXm","https://drive.google.com/drive/folders/1XaPpPqJSKqA6G9IyJiPcP7vxh5Kd7sXm"
"on","covid_alert_downloads_canada","11tsJ8mWvHpIrMK8TAfL_C8YZYvibdyQu","https://drive.google.com/drive/folders/11tsJ8mWvHpIrMK8TAfL_C8YZYvibdyQu"
"on","covid-alert-uploads-ontario","1J80DArVNd-mduOexCY-CNZqBP8plfSTF","https://drive.google.com/drive/folders/1J80DArVNd-mduOexCY-CNZqBP8plfSTF"
"on","effective-reproduction-number","19mPYJXuXcIta5B5bj0s_go5UUfNW0Gu6","https://drive.google.com/drive/folders/19mPYJXuXcIta5B5bj0s_go5UUfNW0Gu6"
"on","hosp-icu-by-lhin","11YJ2FvhHPWrLa__iTyuKAddsIq1yMcAS","https://drive.google.com/drive/folders/11YJ2FvhHPWrLa__iTyuKAddsIq1yMcAS"
"on","licensed-child-care-settings-active","1CFmQCx6Q0GKTqyyKK-UOSvoMb3VgpaNk","https://drive.google.com/drive/folders/1CFmQCx6Q0GKTqyyKK-UOSvoMb3VgpaNk"
"on","licensed-child-care-settings-summary","1Z0Z5nA1CjkqhJyQlIXDHXFJi4H4d_xQG","https://drive.google.com/drive/folders/1Z0Z5nA1CjkqhJyQlIXDHXFJi4H4d_xQG"
"on","long-term-care-home-active","1E8qIt9REhO19jQyq970l9huc1y88OJIr","https://drive.google.com/drive/folders/1E8qIt9REhO19jQyq970l9huc1y88OJIr"
"on","long-term-care-home-resolved","1mjJUsbXVNm2UbdMDI_fNXngz4uCdYGq3","https://drive.google.com/drive/folders/1mjJUsbXVNm2UbdMDI_fNXngz4uCdYGq3"
"on","long-term-care-home-summary","12ZgUvwMaWRpNJlLZeJAzX_D9E26zW_9D","https://drive.google.com/drive/folders/12ZgUvwMaWRpNJlLZeJAzX_D9E26zW_9D"
"on","ongoing-outbreaks","1qgabHZsvO0YC4s5mQxE4G76wOhUF4Ns2","https://drive.google.com/drive/folders/1qgabHZsvO0YC4s5mQxE4G76wOhUF4Ns2"
"on","ontario-webpage","19XxdLXVYaHdeks55FHcgAqFAifbETapT","https://drive.google.com/drive/folders/19XxdLXVYaHdeks55FHcgAqFAifbETapT"
"on","ottawa-cases-and-deaths","18qasHo8WbSbKMKap8O0125vnvUb81OjB","https://drive.google.com/drive/folders/18qasHo8WbSbKMKap8O0125vnvUb81OjB"
"on","ottawa-cases-deaths-hosp-demographics-source-of-infection","1e-u-utGtP-NDBAigdrW36sDeWSCwz5Ji","https://drive.google.com/drive/folders/1e-u-utGtP-NDBAigdrW36sDeWSCwz5Ji"
"on","ottawa-community-outbreaks","13j5pzMJAigvkgxMsxvx1lKfH_rEC2G84","https://drive.google.com/drive/folders/13j5pzMJAigvkgxMsxvx1lKfH_rEC2G84"
"on","ottawa-estimated-rt","1PM3nvFv3a1zZ6755aT2jpyvpjFjnaqUb","https://drive.google.com/drive/folders/1PM3nvFv3a1zZ6755aT2jpyvpjFjnaqUb"
"on","ottawa-hospitalization","1v_5gCnHxRRzKZ8cdmWEnCFkLotY3K-7R","https://drive.google.com/drive/folders/1v_5gCnHxRRzKZ8cdmWEnCFkLotY3K-7R"
"on","ottawa-outbreaks-healthcare-childcare-camps-schools","1wZ27q90_Uom6QCP0UMr6wGSlzQc_sAOo","https://drive.google.com/drive/folders/1wZ27q90_Uom6QCP0UMr6wGSlzQc_sAOo"
"on","ottawa-outbreaks-in-healthcare-institutions","16rbTbd5EcwENtGNf9RgnQbojzf4he_0D","https://drive.google.com/drive/folders/16rbTbd5EcwENtGNf9RgnQbojzf4he_0D"
"on","ottawa-residents-tested","1E3udpKQCqEaOh4aCt1zk7cUb8uZoasqg","https://drive.google.com/drive/folders/1E3udpKQCqEaOh4aCt1zk7cUb8uZoasqg"
"on","ottawa-weekly-rates","1dovKNHy8EgGajqIqP-tn3j9v2GpdlHUn","https://drive.google.com/drive/folders/1dovKNHy8EgGajqIqP-tn3j9v2GpdlHUn"
"on","percent-positive-by-age-group","1YGexaicLvEsasdhurYbjl_vKytmqF0hI","https://drive.google.com/drive/folders/1YGexaicLvEsasdhurYbjl_vKytmqF0hI"
"on","school-board-partners","1LRJ8z_a1N99O4sscNBXBY84yjHDoYLy9","https://drive.google.com/drive/folders/1LRJ8z_a1N99O4sscNBXBY84yjHDoYLy9"
"on","schools-active","1NhQmGYR0l4Don6YGJiU5s_X6e7b2zVfQ","https://drive.google.com/drive/folders/1NhQmGYR0l4Don6YGJiU5s_X6e7b2zVfQ"
"on","schools-summary","1PNTdW1MWrj3Xjrhu8lQbqn3gtzkluepz","https://drive.google.com/drive/folders/1PNTdW1MWrj3Xjrhu8lQbqn3gtzkluepz"
"on","status-of-cases","1cbQvjhQkgHmk1BU6XrGFFuGXPUeNwVXX","https://drive.google.com/drive/folders/1cbQvjhQkgHmk1BU6XrGFFuGXPUeNwVXX"
"on","status-of-cases-by-phu","179ZsgcnrOIRTh2a04qlhH3HUafxrWWr3","https://drive.google.com/drive/folders/179ZsgcnrOIRTh2a04qlhH3HUafxrWWr3"
"on","summary-outbreak-cases","1X0vnDtDQkrbFJHcCV4nmhaPvqDligqcL","https://drive.google.com/drive/folders/1X0vnDtDQkrbFJHcCV4nmhaPvqDligqcL"
"on","testing-locations","1ugIMV9FyvRd2cgy_cctgMCaLUcccshLh","https://drive.google.com/drive/folders/1ugIMV9FyvRd2cgy_cctgMCaLUcccshLh"
"on","testing-metrics-by-phu","1W4mbKlbokc3Ebvpg6H96c-BZDCflWsyO","https://drive.google.com/drive/folders/1W4mbKlbokc3Ebvpg6H96c-BZDCflWsyO"
"on","toronto-active-outbreaks","1Hhnpqrh8AnfIhH80Ss0kY1WWkkxuLeh0","https://drive.google.com/drive/folders/1Hhnpqrh8AnfIhH80Ss0kY1WWkkxuLeh0"
"on","toronto-cases","1npUc4yyVR865IAX1DuqPosc-TjpO14M3","https://drive.google.com/drive/folders/1npUc4yyVR865IAX1DuqPosc-TjpO14M3"
"on","toronto-covid-summary","1iZPRXgEoKslYNQpY_nbo_NmP2LYThFkA","https://drive.google.com/drive/folders/1iZPRXgEoKslYNQpY_nbo_NmP2LYThFkA"
"on","toronto-daily-status","1ie-DHoYsbMcWRBrBZRqsbV50BIon0MU_","https://drive.google.com/drive/folders/1ie-DHoYsbMcWRBrBZRqsbV50BIon0MU_"
"on","toronto-ethno-racial-income","1Q4esWyxm6SstZGQr-kR_32bpichsICYo","https://drive.google.com/drive/folders/1Q4esWyxm6SstZGQr-kR_32bpichsICYo"
"on","toronto-monitoring-dashboard","1fHmGdLjTGoQXVuyGnTfMZ1UbMrQrnQ6P","https://drive.google.com/drive/folders/1fHmGdLjTGoQXVuyGnTfMZ1UbMrQrnQ6P"
"on","toronto-neighbourhood-data","1c7xVzZIwOx2M1dN9XvKYEf_Di51tQyD9","https://drive.google.com/drive/folders/1c7xVzZIwOx2M1dN9XvKYEf_Di51tQyD9"
"on","toronto-neighbourhood-test-data","16cwwF0IAiXpB2cbXNA7A9hCuaG8DF3bR","https://drive.google.com/drive/folders/16cwwF0IAiXpB2cbXNA7A9hCuaG8DF3bR"
"on","u-of-t-covid-tracking-webpage","1D4KzZVWz-vw96dxJVJHNpFpXnRh9or5J","https://drive.google.com/drive/folders/1D4KzZVWz-vw96dxJVJHNpFpXnRh9or5J"
"on","vaccine-data","1lHHwSqkW_ZZpcdBaNiUM-H-Q_ynod3jq","https://drive.google.com/drive/folders/1lHHwSqkW_ZZpcdBaNiUM-H-Q_ynod3jq"
"other/can","canada-covid-19-school-case-tracker","1Ssj8EcPDd-yQpCKvDuokrRpwQLkgWUEG","https://drive.google.com/drive/folders/1Ssj8EcPDd-yQpCKvDuokrRpwQLkgWUEG"
"other/can","loblaw-companies-tracker","1uJ7kdicJIHQ2I8QZhHD_I1FNlIO9hkIn","https://drive.google.com/drive/folders/1uJ7kdicJIHQ2I8QZhHD_I1FNlIO9hkIn"
"other/can","mcdonalds-tracker","1gFfSvLQ6DY66YTZtYBMtdiC3wmPgcl2w","https://drive.google.com/drive/folders/1gFfSvLQ6DY66YTZtYBMtdiC3wmPgcl2w"
"other/can","unofficial-covid-alert-dashboard","1tCtgZArFKt1jOwzSvBLguJz2r5TUScPd","https://drive.google.com/drive/folders/1tCtgZArFKt1jOwzSvBLguJz2r5TUScPd"
"other/can","unofficial-covid-alert-dashboard-analysis","1u02hYgE98Mm731AGYm85Iq5nreMX8E3S","https://drive.google.com/drive/folders/1u02hYgE98Mm731AGYm85Iq5nreMX8E3S"
"other/can","unofficial-covid-alert-dashboard-upload-delay","13RWuBGsOqlz1g4qoeUxa58qYY0aUnymK","https://drive.google.com/drive/folders/13RWuBGsOqlz1g4qoeUxa58qYY0aUnymK"
"other/qc","covid-ecoles-quebec-school-list","1wOEm8a6HsHXbCwp0dVCe9iwDa1kymS5o","https://drive.google.com/drive/folders/1wOEm8a6HsHXbCwp0dVCe9iwDa1kymS5o"
"qc","cases-by-region-7-days","1FMpdMDozL9ywLrOR-i0ZF7TAiq5rozqF","https://drive.google.com/drive/folders/1FMpdMDozL9ywLrOR-i0ZF7TAiq5rozqF"
"qc","cases-by-region-7-days-en","10xY0nXr1_kDzeMh-duCepokVg7zSX6I6","https://drive.google.com/drive/folders/10xY0nXr1_kDzeMh-duCepokVg7zSX6I6"
"qc","cases-by-rss-and-rls","1bv4tNVmKUhoRUYsMIubKwEdy7U3fmsF2","https://drive.google.com/drive/folders/1bv4tNVmKUhoRUYsMIubKwEdy7U3fmsF2"
"qc","cases-percentage-by-age-group","1lJhiUMKOoDUwltflhOhtmDnjKpD8-zll","https://drive.google.com/drive/folders/1lJhiUMKOoDUwltflhOhtmDnjKpD8-zll"
"qc","cases-percentage-by-age-group-en","1tIW1eONhV1tvhYbappJ44zfvzTpb2RSA","https://drive.google.com/drive/folders/1tIW1eONhV1tvhYbappJ44zfvzTpb2RSA"
"qc","comparisons-countries","1x0RZUSKCk7Ou6Z9i7udfuxe7WgQDfZwU","https://drive.google.com/drive/folders/1x0RZUSKCk7Ou6Z9i7udfuxe7WgQDfZwU"
"qc","comparisons-provinces","1060dqZQJ2SMkygJHNSEsl3FSTXE6TMIX","https://drive.google.com/drive/folders/1060dqZQJ2SMkygJHNSEsl3FSTXE6TMIX"
"qc","correctional-cases-detainees","1WjUeIALF5440iKvvEUvm6cyDav4rYDcq","https://drive.google.com/drive/folders/1WjUeIALF5440iKvvEUvm6cyDav4rYDcq"
"qc","correctional-cases-detainees-en","1aBEKVOBqMqpqShE_feXQTvHDgZC3M1dl","https://drive.google.com/drive/folders/1aBEKVOBqMqpqShE_feXQTvHDgZC3M1dl"
"qc","correctional-cases-employees","1FZ8Edx6Xv2cx1mOsh7a5FFY1nI3UGLYE","https://drive.google.com/drive/folders/1FZ8Edx6Xv2cx1mOsh7a5FFY1nI3UGLYE"
"qc","correctional-cases-employees-en","18PcQcnuS0gPLi7D2Tnd40l7VOMeJm4hf","https://drive.google.com/drive/folders/18PcQcnuS0gPLi7D2Tnd40l7VOMeJm4hf"
"qc","covid-data","1Mx9H2AfYncQGifc_lNcUWr32MrPIepc7","https://drive.google.com/drive/folders/1Mx9H2AfYncQGifc_lNcUWr32MrPIepc7"
"qc","covid-data-by-age-and-sex","1o7tM8U8BiLufnEecVEZthKHactdv1UfY","https://drive.google.com/drive/folders/1o7tM8U8BiLufnEecVEZthKHactdv1UfY"
"qc","covid-data-charts","11lkpfIvQW6tVH4c7w6ZlQ36R4mMudbxX","https://drive.google.com/drive/folders/11lkpfIvQW6tVH4c7w6ZlQ36R4mMudbxX"
"qc","covid-data-charts-summary-time-series-hosp-by-age","1imkAJIUffYtI5KaYZxgiAtagXXDwckoX","https://drive.google.com/drive/folders/1imkAJIUffYtI5KaYZxgiAtagXXDwckoX"
"qc","covid-data-daily-7-days","1-1Y6dKczLPQU5Rm48eTzJVf9Vpio2pas","https://drive.google.com/drive/folders/1-1Y6dKczLPQU5Rm48eTzJVf9Vpio2pas"
"qc","covid-data-daily-7-days-en","1hiLaw3OLYZK9FIHs68iBheGdJXGRy-9E","https://drive.google.com/drive/folders/1hiLaw3OLYZK9FIHs68iBheGdJXGRy-9E"
"qc","covid-time-series-by-region","11scpEF8GUwV_qRCLTn-y9-po6PHiZYmW","https://drive.google.com/drive/folders/11scpEF8GUwV_qRCLTn-y9-po6PHiZYmW"
"qc","covid-time-series-by-region-and-demographics","18IVG9ivYK-kQ7joEZptyje6fu0rf4T7M","https://drive.google.com/drive/folders/18IVG9ivYK-kQ7joEZptyje6fu0rf4T7M"
"qc","cumulative-deaths-by-region","1RH4vu1SlIefnk-tr1qaKueJrVsSDUrk7","https://drive.google.com/drive/folders/1RH4vu1SlIefnk-tr1qaKueJrVsSDUrk7"
"qc","cumulative-deaths-by-region-en","1uL2HHOqEDTl3GoBJDo2EAxkzl2OFw34F","https://drive.google.com/drive/folders/1uL2HHOqEDTl3GoBJDo2EAxkzl2OFw34F"
"qc","deaths-by-rss-and-living-environment","1w5VHBvF3JTQ12Y_gKMGGOcszpvSY8rwy","https://drive.google.com/drive/folders/1w5VHBvF3JTQ12Y_gKMGGOcszpvSY8rwy"
"qc","deaths-percentage-by-age-group","1Ef1oPsTMGckPZu3sG87zDRjJRWdp864t","https://drive.google.com/drive/folders/1Ef1oPsTMGckPZu3sG87zDRjJRWdp864t"
"qc","deaths-percentage-by-age-group-en","1CPP_HMuwljqcktPUgM8TaZK3DF7fRJP9","https://drive.google.com/drive/folders/1CPP_HMuwljqcktPUgM8TaZK3DF7fRJP9"
"qc","deaths-time-series-by-living-environment","1Pb1yqZsQsq40EBH0MVPGIJtS_Uoe1Fj2","https://drive.google.com/drive/folders/1Pb1yqZsQsq40EBH0MVPGIJtS_Uoe1Fj2"
"qc","montreal-cases-and-deaths-by-age-group","1C8Ss53ZAMB0wsMR_lUoVAY5E_u3D49Rm","https://drive.google.com/drive/folders/1C8Ss53ZAMB0wsMR_lUoVAY5E_u3D49Rm"
"qc","montreal-cases-and-deaths-by-ciusss","1uamAn7K3n6WSIxiX9eGC6y63zPItMJAU","https://drive.google.com/drive/folders/1uamAn7K3n6WSIxiX9eGC6y63zPItMJAU"
"qc","montreal-cases-and-deaths-by-sex","1Lmo64ITgPBcDhsYqM7s7J2xyGlTfLpj8","https://drive.google.com/drive/folders/1Lmo64ITgPBcDhsYqM7s7J2xyGlTfLpj8"
"qc","montreal-cases-by-area","1pLFw7YV4MjmvYT0D5NfGRcbHyShYyvzV","https://drive.google.com/drive/folders/1pLFw7YV4MjmvYT0D5NfGRcbHyShYyvzV"
"qc","montreal-epidemic-curve","1kF-aOahhGJzAyZv0KAlwyi_l-HPoaETi","https://drive.google.com/drive/folders/1kF-aOahhGJzAyZv0KAlwyi_l-HPoaETi"
"qc","outbreaks-by-setting","1tz41XR2Y0ToSW4fAFU5qf7HP3E4u3AFw","https://drive.google.com/drive/folders/1tz41XR2Y0ToSW4fAFU5qf7HP3E4u3AFw"
"qc","outbreaks-by-setting-en","1p4EFQ_r4x4wjp76zOwlW9gD7-3sKX4z4","https://drive.google.com/drive/folders/1p4EFQ_r4x4wjp76zOwlW9gD7-3sKX4z4"
"qc","qc-vaccination-webpage-en","1h-b5MPDH3BpwP2mFdZfagrWx1x704AMR","https://drive.google.com/drive/folders/1h-b5MPDH3BpwP2mFdZfagrWx1x704AMR"
"qc","qc-vaccination-webpage-fr","1DXrSwretQqG8RU-Dzhd-eODxCjlEnIIk","https://drive.google.com/drive/folders/1DXrSwretQqG8RU-Dzhd-eODxCjlEnIIk"
"qc","qc-webpage-en","1dpolshJwFvHWZQxOG58LY-l0pztntYdi","https://drive.google.com/drive/folders/1dpolshJwFvHWZQxOG58LY-l0pztntYdi"
"qc","qc-webpage-fr","1nQvnGfZdxIkhibJZHyp4ahbn27q_z3ll","https://drive.google.com/drive/folders/1nQvnGfZdxIkhibJZHyp4ahbn27q_z3ll"
"qc","recent-daily-cases-by-region","1_HAaI1p-gB7cEOKNXOo2-A-TaBiD79WB","https://drive.google.com/drive/folders/1_HAaI1p-gB7cEOKNXOo2-A-TaBiD79WB"
"qc","recent-daily-cases-by-region-en","18sAMq1Rv5NkxJPUP__Kc4uUWkvllHoAR","https://drive.google.com/drive/folders/18sAMq1Rv5NkxJPUP__Kc4uUWkvllHoAR"
"qc","schools-highlights","1HtX-WTyzqo1FICQfJ08N0fTlPeJOMU_H","https://drive.google.com/drive/folders/1HtX-WTyzqo1FICQfJ08N0fTlPeJOMU_H"
"qc","schools-list-of-schools","10CgT6m9BXmE4oeyNgNh3fm0ix1fvLuD2","https://drive.google.com/drive/folders/10CgT6m9BXmE4oeyNgNh3fm0ix1fvLuD2"
"qc","situation-in-quebec","1en-wC4O6X6CGKJjBWuyqcP9NRT9O8D61","https://drive.google.com/drive/folders/1en-wC4O6X6CGKJjBWuyqcP9NRT9O8D61"
"qc","status-report-cases-and-deaths-by-chsld","15uQXy5cVSBYePYA5kb0-S7tIZ_ylCYF9","https://drive.google.com/drive/folders/15uQXy5cVSBYePYA5kb0-S7tIZ_ylCYF9"
"qc","status-report-cases-and-deaths-by-rpa","1nkDpCrXj6Y9Qc-E2fWzRznZx97HXAE6Y","https://drive.google.com/drive/folders/1nkDpCrXj6Y9Qc-E2fWzRznZx97HXAE6Y"
"qc","summary-by-region","1uUZjV0sxOEoMZSQj-PFArGwhEvIrspDq","https://drive.google.com/drive/folders/1uUZjV0sxOEoMZSQj-PFArGwhEvIrspDq"
"qc","vaccine-doses-admin-by-rss","1-ileQelY2aoJFcCSJSu3JG6bZrGWFFbS","https://drive.google.com/drive/folders/1-ileQelY2aoJFcCSJSu3JG6bZrGWFFbS"
"qc","vaccine-doses-admin-by-rss-en","1MWPkSGMfOMGqJNNv7LEJzWA1AAB3h3yI","https://drive.google.com/drive/folders/1MWPkSGMfOMGqJNNv7LEJzWA1AAB3h3yI"
"qc","vaccine-doses-received-7-days","1z-N_RuVWOqKO3pyCM8skkdhf_tkapPPE","https://drive.google.com/drive/folders/1z-N_RuVWOqKO3pyCM8skkdhf_tkapPPE"
"sk","cases-by-region","1BKhWul6Vo2FZXK5dVmn9frIaMicFLfzD","https://drive.google.com/drive/folders/1BKhWul6Vo2FZXK5dVmn9frIaMicFLfzD"
"sk","cases-by-region-webpage","1m7_t1qB0x-yVpOb6e1Rzfk5uUQ6iFmqO","https://drive.google.com/drive/folders/1m7_t1qB0x-yVpOb6e1Rzfk5uUQ6iFmqO"
"sk","tests-by-region","1iOdc5ij_1xWNrkwWWe1qwbW3GM5wbq1Y","https://drive.google.com/drive/folders/1iOdc5ij_1xWNrkwWWe1qwbW3GM5wbq1Y"
"sk","tests-by-region-webpage","1ixZJWXkMMV3Mftb51_sRGtGwJ3RV-QXX","https://drive.google.com/drive/folders/1ixZJWXkMMV3Mftb51_sRGtGwJ3RV-QXX"
"yt","yukon-case-counts-webpage","1NSTT2mi_oGQNxU0iL5zBAGj51E5xrAEo","https://drive.google.com/drive/folders/1NSTT2mi_oGQNxU0iL5zBAGj51E5xrAEo"
"yt","yukon-current-situation-webpage","1a6XY7QavteiB2QBd4zMdFVWl08j0k83b","https://drive.google.com/drive/folders/1a6XY7QavteiB2QBd4zMdFVWl08j0k83b"
